date,repo,downloads
2026-07-06,estevanhernandez-stack-ed/626-mod-launcher,148
2026-07-06,estevanhernandez-stack-ed/626-mod-plugins,26
2026-07-06,estevanhernandez-stack-ed/RBX15-Shirt-and-Pants,13
2026-07-06,estevanhernandez-stack-ed/ROROROblox,1931
2026-07-06,estevanhernandez-stack-ed/RTClickPng,0
2026-07-06,estevanhernandez-stack-ed/Sanduhr_f-r_Claude,31
2026-07-06,estevanhernandez-stack-ed/Thesis-Engine,7
2026-07-06,estevanhernandez-stack-ed/Ur-OCR,42
2026-07-06,estevanhernandez-stack-ed/Vibe-Doc,0
2026-07-06,estevanhernandez-stack-ed/rororo-mac,275
2026-07-06,estevanhernandez-stack-ed/rororo-ur-afk,30
2026-07-06,estevanhernandez-stack-ed/rororo-ur-task,144
2026-07-06,estevanhernandez-stack-ed/vibe-cartographer,2
2026-07-06,estevanhernandez-stack-ed/vibe-plugins,8
2026-07-07,estevanhernandez-stack-ed/626-mod-launcher,148
2026-07-07,estevanhernandez-stack-ed/626-mod-plugins,26
2026-07-07,estevanhernandez-stack-ed/RBX15-Shirt-and-Pants,13
2026-07-07,estevanhernandez-stack-ed/ROROROblox,2008
2026-07-07,estevanhernandez-stack-ed/RTClickPng,0
2026-07-07,estevanhernandez-stack-ed/Sanduhr_f-r_Claude,31
2026-07-07,estevanhernandez-stack-ed/Thesis-Engine,7
2026-07-07,estevanhernandez-stack-ed/Ur-OCR,45
2026-07-07,estevanhernandez-stack-ed/Vibe-Doc,0
2026-07-07,estevanhernandez-stack-ed/rororo-mac,275
2026-07-07,estevanhernandez-stack-ed/rororo-ur-afk,41
2026-07-07,estevanhernandez-stack-ed/rororo-ur-task,163
2026-07-07,estevanhernandez-stack-ed/vibe-cartographer,2
2026-07-07,estevanhernandez-stack-ed/vibe-plugins,8
2026-07-08,estevanhernandez-stack-ed/626-mod-launcher,158
2026-07-08,estevanhernandez-stack-ed/626-mod-plugins,26
2026-07-08,estevanhernandez-stack-ed/RBX15-Shirt-and-Pants,13
2026-07-08,estevanhernandez-stack-ed/ROROROblox,2134
2026-07-08,estevanhernandez-stack-ed/RTClickPng,0
2026-07-08,estevanhernandez-stack-ed/Sanduhr_f-r_Claude,31
2026-07-08,estevanhernandez-stack-ed/Thesis-Engine,7
2026-07-08,estevanhernandez-stack-ed/Ur-OCR,45
2026-07-08,estevanhernandez-stack-ed/Vibe-Doc,0
2026-07-08,estevanhernandez-stack-ed/rororo-mac,277
2026-07-08,estevanhernandez-stack-ed/rororo-ur-afk,47
2026-07-08,estevanhernandez-stack-ed/rororo-ur-task,182
2026-07-08,estevanhernandez-stack-ed/vibe-cartographer,2
2026-07-08,estevanhernandez-stack-ed/vibe-plugins,8
2026-07-09,estevanhernandez-stack-ed/626-mod-launcher,158
2026-07-09,estevanhernandez-stack-ed/626-mod-plugins,30
2026-07-09,estevanhernandez-stack-ed/RBX15-Shirt-and-Pants,13
2026-07-09,estevanhernandez-stack-ed/ROROROblox,2277
2026-07-09,estevanhernandez-stack-ed/RTClickPng,0
2026-07-09,estevanhernandez-stack-ed/Sanduhr_f-r_Claude,31
2026-07-09,estevanhernandez-stack-ed/Thesis-Engine,7
2026-07-09,estevanhernandez-stack-ed/Ur-OCR,45
2026-07-09,estevanhernandez-stack-ed/Vibe-Doc,0
2026-07-09,estevanhernandez-stack-ed/rororo-mac,279
2026-07-09,estevanhernandez-stack-ed/rororo-ur-afk,47
2026-07-09,estevanhernandez-stack-ed/rororo-ur-task,182
2026-07-09,estevanhernandez-stack-ed/vibe-cartographer,2
2026-07-09,estevanhernandez-stack-ed/vibe-plugins,8
2026-07-10,estevanhernandez-stack-ed/626-mod-launcher,158
2026-07-10,estevanhernandez-stack-ed/626-mod-plugins,30
2026-07-10,estevanhernandez-stack-ed/RBX15-Shirt-and-Pants,13
2026-07-10,estevanhernandez-stack-ed/ROROROblox,2432
2026-07-10,estevanhernandez-stack-ed/RTClickPng,0
2026-07-10,estevanhernandez-stack-ed/Sanduhr_f-r_Claude,31
2026-07-10,estevanhernandez-stack-ed/Thesis-Engine,7
2026-07-10,estevanhernandez-stack-ed/Ur-OCR,45
2026-07-10,estevanhernandez-stack-ed/Vibe-Doc,0
2026-07-10,estevanhernandez-stack-ed/rororo-mac,281
2026-07-10,estevanhernandez-stack-ed/rororo-ur-afk,47
2026-07-10,estevanhernandez-stack-ed/rororo-ur-task,185
2026-07-10,estevanhernandez-stack-ed/vibe-cartographer,2
2026-07-10,estevanhernandez-stack-ed/vibe-plugins,8
2026-07-11,estevanhernandez-stack-ed/626-mod-launcher,158
2026-07-11,estevanhernandez-stack-ed/626-mod-plugins,30
2026-07-11,estevanhernandez-stack-ed/RBX15-Shirt-and-Pants,13
2026-07-11,estevanhernandez-stack-ed/ROROROblox,1850
2026-07-11,estevanhernandez-stack-ed/RTClickPng,0
2026-07-11,estevanhernandez-stack-ed/Sanduhr_f-r_Claude,31
2026-07-11,estevanhernandez-stack-ed/Thesis-Engine,7
2026-07-11,estevanhernandez-stack-ed/Ur-OCR,45
2026-07-11,estevanhernandez-stack-ed/Vibe-Doc,0
2026-07-11,estevanhernandez-stack-ed/rororo-mac,282
2026-07-11,estevanhernandez-stack-ed/rororo-ur-afk,47
2026-07-11,estevanhernandez-stack-ed/rororo-ur-task,185
2026-07-11,estevanhernandez-stack-ed/vibe-cartographer,2
2026-07-11,estevanhernandez-stack-ed/vibe-plugins,8
2026-07-12,estevanhernandez-stack-ed/626-mod-launcher,158
2026-07-12,estevanhernandez-stack-ed/626-mod-plugins,30
2026-07-12,estevanhernandez-stack-ed/RBX15-Shirt-and-Pants,13
2026-07-12,estevanhernandez-stack-ed/ROROROblox,1993
2026-07-12,estevanhernandez-stack-ed/RTClickPng,0
2026-07-12,estevanhernandez-stack-ed/Sanduhr_f-r_Claude,31
2026-07-12,estevanhernandez-stack-ed/Thesis-Engine,7
2026-07-12,estevanhernandez-stack-ed/Ur-OCR,45
2026-07-12,estevanhernandez-stack-ed/Vibe-Doc,0
2026-07-12,estevanhernandez-stack-ed/rororo-mac,282
2026-07-12,estevanhernandez-stack-ed/rororo-ur-afk,47
2026-07-12,estevanhernandez-stack-ed/rororo-ur-task,219
2026-07-12,estevanhernandez-stack-ed/vibe-cartographer,2
2026-07-12,estevanhernandez-stack-ed/vibe-plugins,8
2026-07-13,estevanhernandez-stack-ed/626-mod-launcher,159
2026-07-13,estevanhernandez-stack-ed/626-mod-plugins,30
2026-07-13,estevanhernandez-stack-ed/RBX15-Shirt-and-Pants,13
2026-07-13,estevanhernandez-stack-ed/ROROROblox,2120
2026-07-13,estevanhernandez-stack-ed/RTClickPng,0
2026-07-13,estevanhernandez-stack-ed/Sanduhr_f-r_Claude,31
2026-07-13,estevanhernandez-stack-ed/Thesis-Engine,8
2026-07-13,estevanhernandez-stack-ed/Ur-OCR,45
2026-07-13,estevanhernandez-stack-ed/Vibe-Doc,0
2026-07-13,estevanhernandez-stack-ed/rororo-mac,282
2026-07-13,estevanhernandez-stack-ed/rororo-ur-afk,47
2026-07-13,estevanhernandez-stack-ed/rororo-ur-task,219
2026-07-13,estevanhernandez-stack-ed/vibe-cartographer,2
2026-07-13,estevanhernandez-stack-ed/vibe-plugins,8
2026-07-14,estevanhernandez-stack-ed/626-mod-launcher,159
2026-07-14,estevanhernandez-stack-ed/626-mod-plugins,30
2026-07-14,estevanhernandez-stack-ed/RBX15-Shirt-and-Pants,13
2026-07-14,estevanhernandez-stack-ed/ROROROblox,2289
2026-07-14,estevanhernandez-stack-ed/RTClickPng,0
2026-07-14,estevanhernandez-stack-ed/Sanduhr_f-r_Claude,33
2026-07-14,estevanhernandez-stack-ed/Thesis-Engine,8
2026-07-14,estevanhernandez-stack-ed/Ur-OCR,48
2026-07-14,estevanhernandez-stack-ed/Vibe-Doc,0
2026-07-14,estevanhernandez-stack-ed/rororo-mac,283
2026-07-14,estevanhernandez-stack-ed/rororo-ur-afk,50
2026-07-14,estevanhernandez-stack-ed/rororo-ur-task,222
2026-07-14,estevanhernandez-stack-ed/vibe-cartographer,2
2026-07-14,estevanhernandez-stack-ed/vibe-plugins,8
2026-07-15,estevanhernandez-stack-ed/626-mod-launcher,159
2026-07-15,estevanhernandez-stack-ed/626-mod-plugins,30
2026-07-15,estevanhernandez-stack-ed/RBX15-Shirt-and-Pants,13
2026-07-15,estevanhernandez-stack-ed/ROROROblox,2489
2026-07-15,estevanhernandez-stack-ed/RTClickPng,0
2026-07-15,estevanhernandez-stack-ed/Sanduhr_f-r_Claude,34
2026-07-15,estevanhernandez-stack-ed/Thesis-Engine,8
2026-07-15,estevanhernandez-stack-ed/Ur-OCR,48
2026-07-15,estevanhernandez-stack-ed/Vibe-Doc,0
2026-07-15,estevanhernandez-stack-ed/rororo-mac,284
2026-07-15,estevanhernandez-stack-ed/rororo-ur-afk,53
2026-07-15,estevanhernandez-stack-ed/rororo-ur-task,222
2026-07-15,estevanhernandez-stack-ed/vibe-cartographer,2
2026-07-15,estevanhernandez-stack-ed/vibe-plugins,8
2026-07-16,estevanhernandez-stack-ed/626-mod-launcher,159
2026-07-16,estevanhernandez-stack-ed/626-mod-plugins,30
2026-07-16,estevanhernandez-stack-ed/RBX15-Shirt-and-Pants,13
2026-07-16,estevanhernandez-stack-ed/ROROROblox,2678
2026-07-16,estevanhernandez-stack-ed/RTClickPng,0
2026-07-16,estevanhernandez-stack-ed/Sanduhr_f-r_Claude,34
2026-07-16,estevanhernandez-stack-ed/Thesis-Engine,8
2026-07-16,estevanhernandez-stack-ed/Ur-OCR,48
2026-07-16,estevanhernandez-stack-ed/Vibe-Doc,0
2026-07-16,estevanhernandez-stack-ed/rororo-mac,284
2026-07-16,estevanhernandez-stack-ed/rororo-ur-afk,53
2026-07-16,estevanhernandez-stack-ed/rororo-ur-task,228
2026-07-16,estevanhernandez-stack-ed/vibe-cartographer,2
2026-07-16,estevanhernandez-stack-ed/vibe-plugins,8
2026-07-17,estevanhernandez-stack-ed/626-mod-launcher,159
2026-07-17,estevanhernandez-stack-ed/626-mod-plugins,30
2026-07-17,estevanhernandez-stack-ed/RBX15-Shirt-and-Pants,13
2026-07-17,estevanhernandez-stack-ed/ROROROblox,2823
2026-07-17,estevanhernandez-stack-ed/RTClickPng,0
2026-07-17,estevanhernandez-stack-ed/Sanduhr_f-r_Claude,34
2026-07-17,estevanhernandez-stack-ed/Thesis-Engine,8
2026-07-17,estevanhernandez-stack-ed/Ur-OCR,48
2026-07-17,estevanhernandez-stack-ed/Vibe-Doc,0
2026-07-17,estevanhernandez-stack-ed/rororo-mac,284
2026-07-17,estevanhernandez-stack-ed/rororo-ur-afk,53
2026-07-17,estevanhernandez-stack-ed/rororo-ur-task,229
2026-07-17,estevanhernandez-stack-ed/vibe-cartographer,2
2026-07-17,estevanhernandez-stack-ed/vibe-plugins,8
2026-07-18,estevanhernandez-stack-ed/626-mod-launcher,159
2026-07-18,estevanhernandez-stack-ed/626-mod-plugins,30
2026-07-18,estevanhernandez-stack-ed/RBX15-Shirt-and-Pants,13
2026-07-18,estevanhernandez-stack-ed/ROROROblox,2960
2026-07-18,estevanhernandez-stack-ed/RTClickPng,0
2026-07-18,estevanhernandez-stack-ed/Sanduhr_f-r_Claude,34
2026-07-18,estevanhernandez-stack-ed/Thesis-Engine,8
2026-07-18,estevanhernandez-stack-ed/Ur-OCR,48
2026-07-18,estevanhernandez-stack-ed/Vibe-Doc,0
2026-07-18,estevanhernandez-stack-ed/rororo-mac,286
2026-07-18,estevanhernandez-stack-ed/rororo-ur-afk,53
2026-07-18,estevanhernandez-stack-ed/rororo-ur-task,229
2026-07-18,estevanhernandez-stack-ed/vibe-cartographer,2
2026-07-18,estevanhernandez-stack-ed/vibe-plugins,8
