date,repo,clones,unique_cloners,views,unique_visitors
2026-04-07,estevanhernandez-stack-ed/vibe-cartographer,0,0,0,0
2026-04-07,estevanhernandez-stack-ed/Vibe-Doc,0,0,0,0
2026-04-07,estevanhernandez-stack-ed/vibe-plugins,0,0,0,0
2026-04-08,estevanhernandez-stack-ed/vibe-cartographer,0,0,7,2
2026-04-08,estevanhernandez-stack-ed/Vibe-Doc,0,0,0,0
2026-04-08,estevanhernandez-stack-ed/vibe-plugins,0,0,0,0
2026-04-09,estevanhernandez-stack-ed/vibe-cartographer,0,0,0,0
2026-04-09,estevanhernandez-stack-ed/Vibe-Doc,0,0,0,0
2026-04-09,estevanhernandez-stack-ed/vibe-plugins,0,0,0,0
2026-04-10,estevanhernandez-stack-ed/vibe-cartographer,0,0,0,0
2026-04-10,estevanhernandez-stack-ed/Vibe-Doc,0,0,0,0
2026-04-10,estevanhernandez-stack-ed/vibe-plugins,0,0,0,0
2026-04-11,estevanhernandez-stack-ed/vibe-cartographer,0,0,0,0
2026-04-11,estevanhernandez-stack-ed/Vibe-Doc,0,0,0,0
2026-04-11,estevanhernandez-stack-ed/vibe-plugins,0,0,0,0
2026-04-12,estevanhernandez-stack-ed/vibe-cartographer,0,0,0,0
2026-04-12,estevanhernandez-stack-ed/Vibe-Doc,0,0,0,0
2026-04-12,estevanhernandez-stack-ed/vibe-plugins,0,0,0,0
2026-04-13,estevanhernandez-stack-ed/vibe-cartographer,0,0,0,0
2026-04-13,estevanhernandez-stack-ed/Vibe-Doc,0,0,0,0
2026-04-13,estevanhernandez-stack-ed/vibe-plugins,0,0,0,0
2026-04-14,estevanhernandez-stack-ed/vibe-cartographer,0,0,0,0
2026-04-14,estevanhernandez-stack-ed/Vibe-Doc,0,0,0,0
2026-04-14,estevanhernandez-stack-ed/vibe-plugins,0,0,0,0
2026-04-14,estevanhernandez-stack-ed/vibe-sec,0,0,0,0
2026-04-14,estevanhernandez-stack-ed/vibe-test,0,0,0,0
2026-04-15,estevanhernandez-stack-ed/vibe-cartographer,14,14,3,1
2026-04-15,estevanhernandez-stack-ed/Vibe-Doc,171,78,1,1
2026-04-15,estevanhernandez-stack-ed/vibe-plugins,0,0,0,0
2026-04-15,estevanhernandez-stack-ed/vibe-sec,0,0,0,0
2026-04-15,estevanhernandez-stack-ed/vibe-test,0,0,0,0
2026-04-16,estevanhernandez-stack-ed/vibe-cartographer,129,45,0,0
2026-04-16,estevanhernandez-stack-ed/Vibe-Doc,102,34,3,2
2026-04-16,estevanhernandez-stack-ed/vibe-plugins,21,18,1,1
2026-04-16,estevanhernandez-stack-ed/vibe-sec,0,0,0,0
2026-04-16,estevanhernandez-stack-ed/vibe-test,0,0,0,0
2026-04-17,estevanhernandez-stack-ed/vibe-cartographer,189,33,3,1
2026-04-17,estevanhernandez-stack-ed/Vibe-Doc,39,13,0,0
2026-04-17,estevanhernandez-stack-ed/vibe-plugins,64,28,0,0
2026-04-17,estevanhernandez-stack-ed/vibe-sec,0,0,0,0
2026-04-17,estevanhernandez-stack-ed/vibe-test,0,0,0,0
2026-04-18,estevanhernandez-stack-ed/vibe-cartographer,21,10,3,1
2026-04-18,estevanhernandez-stack-ed/Vibe-Doc,19,8,8,1
2026-04-18,estevanhernandez-stack-ed/vibe-plugins,290,63,17,1
2026-04-18,estevanhernandez-stack-ed/vibe-sec,0,0,0,0
2026-04-18,estevanhernandez-stack-ed/vibe-test,0,0,0,0
2026-04-19,estevanhernandez-stack-ed/vibe-cartographer,1,1,1,1
2026-04-19,estevanhernandez-stack-ed/Vibe-Doc,1,1,0,0
2026-04-19,estevanhernandez-stack-ed/vibe-plugins,27,17,0,0
2026-04-19,estevanhernandez-stack-ed/vibe-sec,0,0,0,0
2026-04-19,estevanhernandez-stack-ed/vibe-test,0,0,0,0
2026-04-20,estevanhernandez-stack-ed/vibe-cartographer,1,1,1,1
2026-04-20,estevanhernandez-stack-ed/Vibe-Doc,1,1,0,0
2026-04-20,estevanhernandez-stack-ed/vibe-plugins,49,23,3,1
2026-04-20,estevanhernandez-stack-ed/vibe-sec,0,0,0,0
2026-04-20,estevanhernandez-stack-ed/vibe-test,0,0,0,0
2026-04-21,626Labs-LLC/626Labs-LLC.github.io,76,25,1,1
2026-04-21,estevanhernandez-stack-ed/626labs-themes,0,0,0,0
2026-04-21,estevanhernandez-stack-ed/Anote-That,0,0,0,0
2026-04-21,estevanhernandez-stack-ed/BlogStudio,0,0,0,0
2026-04-21,estevanhernandez-stack-ed/Celestia3,0,0,0,0
2026-04-21,estevanhernandez-stack-ed/Cleanup-Ranger,0,0,0,0
2026-04-21,estevanhernandez-stack-ed/estevanhernandez-stack-ed,1,1,0,0
2026-04-21,estevanhernandez-stack-ed/homebrew-tap,8,7,0,0
2026-04-21,estevanhernandez-stack-ed/LADDER,1,1,0,0
2026-04-21,estevanhernandez-stack-ed/Macro,0,0,0,0
2026-04-21,estevanhernandez-stack-ed/RBX15-Shirt-and-Pants,7,7,3,1
2026-04-21,estevanhernandez-stack-ed/Reel-Battles,0,0,0,0
2026-04-21,estevanhernandez-stack-ed/ROROROblox,0,0,0,0
2026-04-21,estevanhernandez-stack-ed/rotemplate,0,0,0,0
2026-04-21,estevanhernandez-stack-ed/RTClickPng,0,0,0,0
2026-04-21,estevanhernandez-stack-ed/Sanduhr_f-r_Claude,143,45,22,2
2026-04-21,estevanhernandez-stack-ed/tagthatline,1,1,0,0
2026-04-21,estevanhernandez-stack-ed/Thesis-Engine,0,0,0,0
2026-04-21,estevanhernandez-stack-ed/ThesisStudio,0,0,0,0
2026-04-21,estevanhernandez-stack-ed/vibe-cartographer,3,2,0,0
2026-04-21,estevanhernandez-stack-ed/Vibe-Doc,3,3,0,0
2026-04-21,estevanhernandez-stack-ed/vibe-iterate,0,0,0,0
2026-04-21,estevanhernandez-stack-ed/vibe-Keystone,0,0,0,0
2026-04-21,estevanhernandez-stack-ed/vibe-plugins,86,32,4,2
2026-04-21,estevanhernandez-stack-ed/vibe-sec,53,30,1,1
2026-04-21,estevanhernandez-stack-ed/vibe-test,43,19,0,0
2026-04-21,estevanhernandez-stack-ed/Vibe-Thesis,0,0,0,0
2026-04-21,estevanhernandez-stack-ed/WriterStudio,1,1,0,0
2026-04-22,626Labs-LLC/626Labs-LLC.github.io,192,56,4,1
2026-04-22,estevanhernandez-stack-ed/626labs-themes,0,0,0,0
2026-04-22,estevanhernandez-stack-ed/Anote-That,0,0,0,0
2026-04-22,estevanhernandez-stack-ed/BlogStudio,0,0,0,0
2026-04-22,estevanhernandez-stack-ed/Celestia3,15,5,0,0
2026-04-22,estevanhernandez-stack-ed/Cleanup-Ranger,0,0,0,0
2026-04-22,estevanhernandez-stack-ed/estevanhernandez-stack-ed,0,0,0,0
2026-04-22,estevanhernandez-stack-ed/homebrew-tap,3,3,0,0
2026-04-22,estevanhernandez-stack-ed/LADDER,0,0,0,0
2026-04-22,estevanhernandez-stack-ed/Macro,0,0,0,0
2026-04-22,estevanhernandez-stack-ed/RBX15-Shirt-and-Pants,0,0,0,0
2026-04-22,estevanhernandez-stack-ed/Reel-Battles,0,0,0,0
2026-04-22,estevanhernandez-stack-ed/ROROROblox,0,0,0,0
2026-04-22,estevanhernandez-stack-ed/rotemplate,0,0,0,0
2026-04-22,estevanhernandez-stack-ed/RTClickPng,201,70,24,1
2026-04-22,estevanhernandez-stack-ed/Sanduhr_f-r_Claude,96,26,8,2
2026-04-22,estevanhernandez-stack-ed/tagthatline,0,0,1,1
2026-04-22,estevanhernandez-stack-ed/Thesis-Engine,0,0,0,0
2026-04-22,estevanhernandez-stack-ed/ThesisStudio,0,0,0,0
2026-04-22,estevanhernandez-stack-ed/vibe-cartographer,81,17,0,0
2026-04-22,estevanhernandez-stack-ed/Vibe-Doc,63,13,0,0
2026-04-22,estevanhernandez-stack-ed/vibe-iterate,0,0,0,0
2026-04-22,estevanhernandez-stack-ed/vibe-Keystone,0,0,0,0
2026-04-22,estevanhernandez-stack-ed/vibe-plugins,55,17,0,0
2026-04-22,estevanhernandez-stack-ed/vibe-sec,2,2,1,1
2026-04-22,estevanhernandez-stack-ed/vibe-test,1,1,0,0
2026-04-22,estevanhernandez-stack-ed/Vibe-Thesis,0,0,0,0
2026-04-22,estevanhernandez-stack-ed/WriterStudio,0,0,0,0
2026-04-23,626Labs-LLC/626Labs-LLC.github.io,351,92,3,1
2026-04-23,estevanhernandez-stack-ed/626labs-plugin,0,0,0,0
2026-04-23,estevanhernandez-stack-ed/626labs-themes,0,0,0,0
2026-04-23,estevanhernandez-stack-ed/Anote-That,0,0,0,0
2026-04-23,estevanhernandez-stack-ed/BlogStudio,0,0,0,0
2026-04-23,estevanhernandez-stack-ed/Celestia3,6,3,0,0
2026-04-23,estevanhernandez-stack-ed/Cleanup-Ranger,0,0,0,0
2026-04-23,estevanhernandez-stack-ed/estevanhernandez-stack-ed,1,1,0,0
2026-04-23,estevanhernandez-stack-ed/homebrew-tap,0,0,0,0
2026-04-23,estevanhernandez-stack-ed/LADDER,0,0,0,0
2026-04-23,estevanhernandez-stack-ed/Macro,0,0,0,0
2026-04-23,estevanhernandez-stack-ed/RBX15-Shirt-and-Pants,1,1,0,0
2026-04-23,estevanhernandez-stack-ed/Reel-Battles,2,1,0,0
2026-04-23,estevanhernandez-stack-ed/ROROROblox,0,0,0,0
2026-04-23,estevanhernandez-stack-ed/rotemplate,0,0,0,0
2026-04-23,estevanhernandez-stack-ed/RTClickPng,1,1,1,1
2026-04-23,estevanhernandez-stack-ed/Sanduhr_f-r_Claude,14,4,14,5
2026-04-23,estevanhernandez-stack-ed/tagthatline,0,0,0,0
2026-04-23,estevanhernandez-stack-ed/Thesis-Engine,0,0,0,0
2026-04-23,estevanhernandez-stack-ed/ThesisStudio,0,0,0,0
2026-04-23,estevanhernandez-stack-ed/vibe-cartographer,11,3,5,1
2026-04-23,estevanhernandez-stack-ed/Vibe-Doc,4,1,0,0
2026-04-23,estevanhernandez-stack-ed/vibe-iterate,0,0,0,0
2026-04-23,estevanhernandez-stack-ed/vibe-Keystone,0,0,0,0
2026-04-23,estevanhernandez-stack-ed/vibe-plugins,45,15,5,1
2026-04-23,estevanhernandez-stack-ed/vibe-sec,1,1,0,0
2026-04-23,estevanhernandez-stack-ed/vibe-test,0,0,0,0
2026-04-23,estevanhernandez-stack-ed/Vibe-Thesis,0,0,0,0
2026-04-23,estevanhernandez-stack-ed/WriterStudio,0,0,2,2
2026-04-24,626Labs-LLC/626Labs-LLC.github.io,594,154,2,1
2026-04-24,estevanhernandez-stack-ed/626labs-plugin,0,0,0,0
2026-04-24,estevanhernandez-stack-ed/626labs-themes,0,0,0,0
2026-04-24,estevanhernandez-stack-ed/Anote-That,1,1,0,0
2026-04-24,estevanhernandez-stack-ed/BlogStudio,0,0,0,0
2026-04-24,estevanhernandez-stack-ed/Celestia3,2,2,0,0
2026-04-24,estevanhernandez-stack-ed/Cleanup-Ranger,8,7,0,0
2026-04-24,estevanhernandez-stack-ed/estevanhernandez-stack-ed,1,1,0,0
2026-04-24,estevanhernandez-stack-ed/homebrew-tap,1,1,0,0
2026-04-24,estevanhernandez-stack-ed/LADDER,1,1,0,0
2026-04-24,estevanhernandez-stack-ed/Macro,0,0,0,0
2026-04-24,estevanhernandez-stack-ed/RBX15-Shirt-and-Pants,1,1,0,0
2026-04-24,estevanhernandez-stack-ed/Reel-Battles,1,1,0,0
2026-04-24,estevanhernandez-stack-ed/ROROROblox,0,0,0,0
2026-04-24,estevanhernandez-stack-ed/rotemplate,1,1,0,0
2026-04-24,estevanhernandez-stack-ed/RTClickPng,28,7,0,0
2026-04-24,estevanhernandez-stack-ed/Sanduhr_f-r_Claude,80,21,4,4
2026-04-24,estevanhernandez-stack-ed/tagthatline,1,1,0,0
2026-04-24,estevanhernandez-stack-ed/Thesis-Engine,0,0,0,0
2026-04-24,estevanhernandez-stack-ed/ThesisStudio,0,0,0,0
2026-04-24,estevanhernandez-stack-ed/vibe-cartographer,25,4,0,0
2026-04-24,estevanhernandez-stack-ed/Vibe-Doc,1,1,0,0
2026-04-24,estevanhernandez-stack-ed/vibe-iterate,0,0,0,0
2026-04-24,estevanhernandez-stack-ed/vibe-Keystone,0,0,0,0
2026-04-24,estevanhernandez-stack-ed/vibe-plugins,65,17,1,1
2026-04-24,estevanhernandez-stack-ed/vibe-sec,11,3,0,0
2026-04-24,estevanhernandez-stack-ed/vibe-test,1,1,0,0
2026-04-24,estevanhernandez-stack-ed/Vibe-Thesis,0,0,0,0
2026-04-24,estevanhernandez-stack-ed/WriterStudio,1,1,0,0
2026-04-25,626Labs-LLC/626Labs-LLC.github.io,68,26,3,1
2026-04-25,estevanhernandez-stack-ed/626labs-plugin,0,0,0,0
2026-04-25,estevanhernandez-stack-ed/626labs-themes,0,0,0,0
2026-04-25,estevanhernandez-stack-ed/Anote-That,0,0,0,0
2026-04-25,estevanhernandez-stack-ed/BlogStudio,0,0,0,0
2026-04-25,estevanhernandez-stack-ed/Celestia3,0,0,0,0
2026-04-25,estevanhernandez-stack-ed/Cleanup-Ranger,0,0,0,0
2026-04-25,estevanhernandez-stack-ed/estevanhernandez-stack-ed,0,0,0,0
2026-04-25,estevanhernandez-stack-ed/homebrew-tap,0,0,0,0
2026-04-25,estevanhernandez-stack-ed/LADDER,0,0,0,0
2026-04-25,estevanhernandez-stack-ed/Macro,0,0,0,0
2026-04-25,estevanhernandez-stack-ed/RBX15-Shirt-and-Pants,0,0,0,0
2026-04-25,estevanhernandez-stack-ed/Reel-Battles,0,0,0,0
2026-04-25,estevanhernandez-stack-ed/ROROROblox,0,0,0,0
2026-04-25,estevanhernandez-stack-ed/rotemplate,0,0,0,0
2026-04-25,estevanhernandez-stack-ed/RTClickPng,71,7,1,1
2026-04-25,estevanhernandez-stack-ed/Sanduhr_f-r_Claude,25,15,1,1
2026-04-25,estevanhernandez-stack-ed/tagthatline,6,4,0,0
2026-04-25,estevanhernandez-stack-ed/Thesis-Engine,0,0,0,0
2026-04-25,estevanhernandez-stack-ed/ThesisStudio,0,0,0,0
2026-04-25,estevanhernandez-stack-ed/vibe-cartographer,34,16,0,0
2026-04-25,estevanhernandez-stack-ed/Vibe-Doc,13,10,0,0
2026-04-25,estevanhernandez-stack-ed/vibe-iterate,0,0,0,0
2026-04-25,estevanhernandez-stack-ed/vibe-Keystone,0,0,0,0
2026-04-25,estevanhernandez-stack-ed/vibe-plugins,43,20,2,1
2026-04-25,estevanhernandez-stack-ed/vibe-sec,1,1,0,0
2026-04-25,estevanhernandez-stack-ed/vibe-test,0,0,0,0
2026-04-25,estevanhernandez-stack-ed/Vibe-Thesis,0,0,0,0
2026-04-25,estevanhernandez-stack-ed/WriterStudio,0,0,0,0
2026-04-26,626Labs-LLC/626Labs-LLC.github.io,24,9,1,1
2026-04-26,estevanhernandez-stack-ed/626labs-plugin,0,0,0,0
2026-04-26,estevanhernandez-stack-ed/626labs-themes,0,0,0,0
2026-04-26,estevanhernandez-stack-ed/Anote-That,0,0,0,0
2026-04-26,estevanhernandez-stack-ed/BlogStudio,18,14,0,0
2026-04-26,estevanhernandez-stack-ed/Celestia3,1,1,0,0
2026-04-26,estevanhernandez-stack-ed/Cleanup-Ranger,0,0,0,0
2026-04-26,estevanhernandez-stack-ed/estevanhernandez-stack-ed,0,0,0,0
2026-04-26,estevanhernandez-stack-ed/homebrew-tap,1,1,0,0
2026-04-26,estevanhernandez-stack-ed/LADDER,0,0,0,0
2026-04-26,estevanhernandez-stack-ed/Macro,0,0,0,0
2026-04-26,estevanhernandez-stack-ed/RBX15-Shirt-and-Pants,0,0,0,0
2026-04-26,estevanhernandez-stack-ed/Reel-Battles,0,0,0,0
2026-04-26,estevanhernandez-stack-ed/ROROROblox,0,0,0,0
2026-04-26,estevanhernandez-stack-ed/rotemplate,0,0,0,0
2026-04-26,estevanhernandez-stack-ed/RTClickPng,2,1,0,0
2026-04-26,estevanhernandez-stack-ed/Sanduhr_f-r_Claude,63,15,0,0
2026-04-26,estevanhernandez-stack-ed/tagthatline,0,0,0,0
2026-04-26,estevanhernandez-stack-ed/Thesis-Engine,0,0,0,0
2026-04-26,estevanhernandez-stack-ed/ThesisStudio,221,74,23,1
2026-04-26,estevanhernandez-stack-ed/vibe-cartographer,118,27,0,0
2026-04-26,estevanhernandez-stack-ed/Vibe-Doc,39,10,0,0
2026-04-26,estevanhernandez-stack-ed/vibe-iterate,0,0,0,0
2026-04-26,estevanhernandez-stack-ed/vibe-Keystone,0,0,0,0
2026-04-26,estevanhernandez-stack-ed/vibe-plugins,44,19,0,0
2026-04-26,estevanhernandez-stack-ed/vibe-sec,7,2,0,0
2026-04-26,estevanhernandez-stack-ed/vibe-test,13,2,0,0
2026-04-26,estevanhernandez-stack-ed/Vibe-Thesis,0,0,0,0
2026-04-26,estevanhernandez-stack-ed/WriterStudio,0,0,0,0
2026-04-27,626Labs-LLC/626Labs-LLC.github.io,327,74,0,0
2026-04-27,estevanhernandez-stack-ed/626labs-plugin,0,0,0,0
2026-04-27,estevanhernandez-stack-ed/626labs-themes,0,0,0,0
2026-04-27,estevanhernandez-stack-ed/Anote-That,0,0,0,0
2026-04-27,estevanhernandez-stack-ed/BlogStudio,0,0,0,0
2026-04-27,estevanhernandez-stack-ed/Celestia3,1,1,0,0
2026-04-27,estevanhernandez-stack-ed/Cleanup-Ranger,0,0,0,0
2026-04-27,estevanhernandez-stack-ed/estevanhernandez-stack-ed,0,0,0,0
2026-04-27,estevanhernandez-stack-ed/homebrew-tap,0,0,0,0
2026-04-27,estevanhernandez-stack-ed/LADDER,0,0,0,0
2026-04-27,estevanhernandez-stack-ed/Macro,0,0,0,0
2026-04-27,estevanhernandez-stack-ed/RBX15-Shirt-and-Pants,0,0,0,0
2026-04-27,estevanhernandez-stack-ed/Reel-Battles,0,0,0,0
2026-04-27,estevanhernandez-stack-ed/ROROROblox,0,0,0,0
2026-04-27,estevanhernandez-stack-ed/rotemplate,0,0,0,0
2026-04-27,estevanhernandez-stack-ed/RTClickPng,0,0,0,0
2026-04-27,estevanhernandez-stack-ed/Sanduhr_f-r_Claude,1,1,0,0
2026-04-27,estevanhernandez-stack-ed/tagthatline,0,0,0,0
2026-04-27,estevanhernandez-stack-ed/Thesis-Engine,45,27,3,1
2026-04-27,estevanhernandez-stack-ed/ThesisStudio,6,4,0,0
2026-04-27,estevanhernandez-stack-ed/vibe-cartographer,115,32,0,0
2026-04-27,estevanhernandez-stack-ed/Vibe-Doc,39,8,0,0
2026-04-27,estevanhernandez-stack-ed/vibe-iterate,0,0,0,0
2026-04-27,estevanhernandez-stack-ed/vibe-Keystone,0,0,0,0
2026-04-27,estevanhernandez-stack-ed/vibe-plugins,113,50,1,1
2026-04-27,estevanhernandez-stack-ed/vibe-sec,18,1,0,0
2026-04-27,estevanhernandez-stack-ed/vibe-test,20,2,0,0
2026-04-27,estevanhernandez-stack-ed/Vibe-Thesis,137,54,1,1
2026-04-27,estevanhernandez-stack-ed/WriterStudio,0,0,0,0
2026-04-28,626Labs-LLC/626Labs-LLC.github.io,54,13,4,1
2026-04-28,estevanhernandez-stack-ed/626labs-plugin,0,0,0,0
2026-04-28,estevanhernandez-stack-ed/626labs-themes,0,0,0,0
2026-04-28,estevanhernandez-stack-ed/Anote-That,0,0,0,0
2026-04-28,estevanhernandez-stack-ed/BlogStudio,1,1,0,0
2026-04-28,estevanhernandez-stack-ed/Celestia3,0,0,0,0
2026-04-28,estevanhernandez-stack-ed/Cleanup-Ranger,0,0,0,0
2026-04-28,estevanhernandez-stack-ed/estevanhernandez-stack-ed,0,0,0,0
2026-04-28,estevanhernandez-stack-ed/homebrew-tap,0,0,0,0
2026-04-28,estevanhernandez-stack-ed/LADDER,0,0,0,0
2026-04-28,estevanhernandez-stack-ed/Macro,0,0,0,0
2026-04-28,estevanhernandez-stack-ed/RBX15-Shirt-and-Pants,1,1,0,0
2026-04-28,estevanhernandez-stack-ed/Reel-Battles,0,0,0,0
2026-04-28,estevanhernandez-stack-ed/ROROROblox,0,0,0,0
2026-04-28,estevanhernandez-stack-ed/rotemplate,0,0,0,0
2026-04-28,estevanhernandez-stack-ed/RTClickPng,1,1,0,0
2026-04-28,estevanhernandez-stack-ed/Sanduhr_f-r_Claude,10,3,0,0
2026-04-28,estevanhernandez-stack-ed/tagthatline,0,0,0,0
2026-04-28,estevanhernandez-stack-ed/Thesis-Engine,3,2,0,0
2026-04-28,estevanhernandez-stack-ed/ThesisStudio,2,2,0,0
2026-04-28,estevanhernandez-stack-ed/vibe-cartographer,11,8,1,1
2026-04-28,estevanhernandez-stack-ed/Vibe-Doc,78,27,1,1
2026-04-28,estevanhernandez-stack-ed/vibe-iterate,0,0,0,0
2026-04-28,estevanhernandez-stack-ed/vibe-Keystone,118,44,1,1
2026-04-28,estevanhernandez-stack-ed/vibe-plugins,204,66,6,1
2026-04-28,estevanhernandez-stack-ed/vibe-sec,48,1,0,0
2026-04-28,estevanhernandez-stack-ed/vibe-test,48,1,0,0
2026-04-28,estevanhernandez-stack-ed/Vibe-Thesis,5,3,0,0
2026-04-28,estevanhernandez-stack-ed/WriterStudio,0,0,0,0
2026-04-29,626Labs-LLC/626Labs-LLC.github.io,435,84,1,1
2026-04-29,estevanhernandez-stack-ed/626labs-plugin,0,0,0,0
2026-04-29,estevanhernandez-stack-ed/626labs-themes,0,0,0,0
2026-04-29,estevanhernandez-stack-ed/Anote-That,1,1,0,0
2026-04-29,estevanhernandez-stack-ed/BlogStudio,1,1,0,0
2026-04-29,estevanhernandez-stack-ed/Celestia3,1,1,0,0
2026-04-29,estevanhernandez-stack-ed/Cleanup-Ranger,1,1,0,0
2026-04-29,estevanhernandez-stack-ed/estevanhernandez-stack-ed,1,1,0,0
2026-04-29,estevanhernandez-stack-ed/homebrew-tap,1,1,0,0
2026-04-29,estevanhernandez-stack-ed/LADDER,2,2,0,0
2026-04-29,estevanhernandez-stack-ed/Macro,0,0,0,0
2026-04-29,estevanhernandez-stack-ed/RBX15-Shirt-and-Pants,1,1,0,0
2026-04-29,estevanhernandez-stack-ed/Reel-Battles,1,1,0,0
2026-04-29,estevanhernandez-stack-ed/ROROROblox,0,0,0,0
2026-04-29,estevanhernandez-stack-ed/rotemplate,1,1,0,0
2026-04-29,estevanhernandez-stack-ed/RTClickPng,1,1,0,0
2026-04-29,estevanhernandez-stack-ed/Sanduhr_f-r_Claude,54,11,1,1
2026-04-29,estevanhernandez-stack-ed/tagthatline,1,1,0,0
2026-04-29,estevanhernandez-stack-ed/Thesis-Engine,18,9,0,0
2026-04-29,estevanhernandez-stack-ed/ThesisStudio,5,2,0,0
2026-04-29,estevanhernandez-stack-ed/vibe-cartographer,49,15,6,2
2026-04-29,estevanhernandez-stack-ed/Vibe-Doc,75,30,2,1
2026-04-29,estevanhernandez-stack-ed/vibe-iterate,0,0,0,0
2026-04-29,estevanhernandez-stack-ed/vibe-Keystone,82,27,4,1
2026-04-29,estevanhernandez-stack-ed/vibe-plugins,145,53,9,1
2026-04-29,estevanhernandez-stack-ed/vibe-sec,46,14,2,1
2026-04-29,estevanhernandez-stack-ed/vibe-test,44,9,3,1
2026-04-29,estevanhernandez-stack-ed/Vibe-Thesis,56,13,2,1
2026-04-29,estevanhernandez-stack-ed/WriterStudio,1,1,3,1
2026-04-30,626Labs-LLC/626Labs-LLC.github.io,340,59,7,1
2026-04-30,estevanhernandez-stack-ed/626labs-plugin,0,0,0,0
2026-04-30,estevanhernandez-stack-ed/626labs-themes,38,26,7,3
2026-04-30,estevanhernandez-stack-ed/Anote-That,0,0,0,0
2026-04-30,estevanhernandez-stack-ed/BlogStudio,0,0,0,0
2026-04-30,estevanhernandez-stack-ed/Celestia3,0,0,0,0
2026-04-30,estevanhernandez-stack-ed/Cleanup-Ranger,1,1,0,0
2026-04-30,estevanhernandez-stack-ed/estevanhernandez-stack-ed,1,1,0,0
2026-04-30,estevanhernandez-stack-ed/homebrew-tap,0,0,0,0
2026-04-30,estevanhernandez-stack-ed/LADDER,0,0,0,0
2026-04-30,estevanhernandez-stack-ed/Macro,0,0,0,0
2026-04-30,estevanhernandez-stack-ed/RBX15-Shirt-and-Pants,0,0,1,1
2026-04-30,estevanhernandez-stack-ed/Reel-Battles,0,0,0,0
2026-04-30,estevanhernandez-stack-ed/ROROROblox,0,0,0,0
2026-04-30,estevanhernandez-stack-ed/rotemplate,0,0,0,0
2026-04-30,estevanhernandez-stack-ed/RTClickPng,0,0,0,0
2026-04-30,estevanhernandez-stack-ed/Sanduhr_f-r_Claude,0,0,1,1
2026-04-30,estevanhernandez-stack-ed/tagthatline,1,1,0,0
2026-04-30,estevanhernandez-stack-ed/Thesis-Engine,1,1,0,0
2026-04-30,estevanhernandez-stack-ed/ThesisStudio,1,1,0,0
2026-04-30,estevanhernandez-stack-ed/vibe-cartographer,50,3,0,0
2026-04-30,estevanhernandez-stack-ed/Vibe-Doc,1,1,0,0
2026-04-30,estevanhernandez-stack-ed/vibe-iterate,0,0,0,0
2026-04-30,estevanhernandez-stack-ed/vibe-Keystone,55,5,4,1
2026-04-30,estevanhernandez-stack-ed/vibe-plugins,12,5,0,0
2026-04-30,estevanhernandez-stack-ed/vibe-sec,52,2,0,0
2026-04-30,estevanhernandez-stack-ed/vibe-test,52,2,0,0
2026-04-30,estevanhernandez-stack-ed/Vibe-Thesis,1,1,0,0
2026-04-30,estevanhernandez-stack-ed/WriterStudio,24,10,0,0
2026-05-01,626Labs-LLC/626Labs-LLC.github.io,159,39,0,0
2026-05-01,estevanhernandez-stack-ed/626labs-plugin,0,0,0,0
2026-05-01,estevanhernandez-stack-ed/626labs-themes,3,3,3,1
2026-05-01,estevanhernandez-stack-ed/Anote-That,1,1,0,0
2026-05-01,estevanhernandez-stack-ed/BlogStudio,1,1,0,0
2026-05-01,estevanhernandez-stack-ed/Celestia3,1,1,0,0
2026-05-01,estevanhernandez-stack-ed/Cleanup-Ranger,1,1,0,0
2026-05-01,estevanhernandez-stack-ed/estevanhernandez-stack-ed,0,0,0,0
2026-05-01,estevanhernandez-stack-ed/homebrew-tap,1,1,0,0
2026-05-01,estevanhernandez-stack-ed/LADDER,1,1,0,0
2026-05-01,estevanhernandez-stack-ed/Macro,0,0,0,0
2026-05-01,estevanhernandez-stack-ed/RBX15-Shirt-and-Pants,1,1,0,0
2026-05-01,estevanhernandez-stack-ed/Reel-Battles,1,1,0,0
2026-05-01,estevanhernandez-stack-ed/ROROROblox,0,0,0,0
2026-05-01,estevanhernandez-stack-ed/rotemplate,1,1,0,0
2026-05-01,estevanhernandez-stack-ed/RTClickPng,1,1,0,0
2026-05-01,estevanhernandez-stack-ed/Sanduhr_f-r_Claude,1,1,0,0
2026-05-01,estevanhernandez-stack-ed/tagthatline,2,2,0,0
2026-05-01,estevanhernandez-stack-ed/Thesis-Engine,4,2,0,0
2026-05-01,estevanhernandez-stack-ed/ThesisStudio,1,1,0,0
2026-05-01,estevanhernandez-stack-ed/vibe-cartographer,73,12,0,0
2026-05-01,estevanhernandez-stack-ed/Vibe-Doc,5,4,0,0
2026-05-01,estevanhernandez-stack-ed/vibe-iterate,0,0,0,0
2026-05-01,estevanhernandez-stack-ed/vibe-Keystone,42,3,0,0
2026-05-01,estevanhernandez-stack-ed/vibe-plugins,32,14,0,0
2026-05-01,estevanhernandez-stack-ed/vibe-sec,42,3,0,0
2026-05-01,estevanhernandez-stack-ed/vibe-test,41,3,0,0
2026-05-01,estevanhernandez-stack-ed/Vibe-Thesis,9,4,0,0
2026-05-01,estevanhernandez-stack-ed/WriterStudio,1,1,0,0
2026-05-02,626Labs-LLC/626Labs-LLC.github.io,192,44,0,0
2026-05-02,estevanhernandez-stack-ed/626labs-plugin,0,0,0,0
2026-05-02,estevanhernandez-stack-ed/626labs-themes,1,1,0,0
2026-05-02,estevanhernandez-stack-ed/Anote-That,0,0,0,0
2026-05-02,estevanhernandez-stack-ed/BlogStudio,1,1,0,0
2026-05-02,estevanhernandez-stack-ed/Celestia3,1,1,0,0
2026-05-02,estevanhernandez-stack-ed/Cleanup-Ranger,0,0,0,0
2026-05-02,estevanhernandez-stack-ed/estevanhernandez-stack-ed,0,0,0,0
2026-05-02,estevanhernandez-stack-ed/homebrew-tap,0,0,0,0
2026-05-02,estevanhernandez-stack-ed/LADDER,0,0,0,0
2026-05-02,estevanhernandez-stack-ed/Macro,0,0,0,0
2026-05-02,estevanhernandez-stack-ed/RBX15-Shirt-and-Pants,0,0,0,0
2026-05-02,estevanhernandez-stack-ed/Reel-Battles,1,1,0,0
2026-05-02,estevanhernandez-stack-ed/ROROROblox,0,0,0,0
2026-05-02,estevanhernandez-stack-ed/rotemplate,0,0,0,0
2026-05-02,estevanhernandez-stack-ed/RTClickPng,1,1,0,0
2026-05-02,estevanhernandez-stack-ed/Sanduhr_f-r_Claude,1,1,0,0
2026-05-02,estevanhernandez-stack-ed/tagthatline,31,4,0,0
2026-05-02,estevanhernandez-stack-ed/Thesis-Engine,2,2,0,0
2026-05-02,estevanhernandez-stack-ed/ThesisStudio,1,1,0,0
2026-05-02,estevanhernandez-stack-ed/vibe-cartographer,27,7,0,0
2026-05-02,estevanhernandez-stack-ed/Vibe-Doc,5,5,0,0
2026-05-02,estevanhernandez-stack-ed/vibe-iterate,0,0,0,0
2026-05-02,estevanhernandez-stack-ed/vibe-Keystone,24,3,0,0
2026-05-02,estevanhernandez-stack-ed/vibe-plugins,23,14,0,0
2026-05-02,estevanhernandez-stack-ed/vibe-sec,22,2,0,0
2026-05-02,estevanhernandez-stack-ed/vibe-test,23,3,0,0
2026-05-02,estevanhernandez-stack-ed/Vibe-Thesis,3,3,0,0
2026-05-02,estevanhernandez-stack-ed/WriterStudio,0,0,0,0
2026-05-03,626Labs-LLC/626Labs-LLC.github.io,136,34,0,0
2026-05-03,estevanhernandez-stack-ed/626labs-plugin,0,0,0,0
2026-05-03,estevanhernandez-stack-ed/626labs-themes,4,3,0,0
2026-05-03,estevanhernandez-stack-ed/Anote-That,1,1,0,0
2026-05-03,estevanhernandez-stack-ed/BlogStudio,1,1,0,0
2026-05-03,estevanhernandez-stack-ed/Celestia3,1,1,0,0
2026-05-03,estevanhernandez-stack-ed/Cleanup-Ranger,2,2,0,0
2026-05-03,estevanhernandez-stack-ed/estevanhernandez-stack-ed,2,2,0,0
2026-05-03,estevanhernandez-stack-ed/homebrew-tap,2,2,0,0
2026-05-03,estevanhernandez-stack-ed/LADDER,1,1,0,0
2026-05-03,estevanhernandez-stack-ed/Macro,91,48,1,1
2026-05-03,estevanhernandez-stack-ed/RBX15-Shirt-and-Pants,1,1,0,0
2026-05-03,estevanhernandez-stack-ed/Reel-Battles,1,1,0,0
2026-05-03,estevanhernandez-stack-ed/ROROROblox,0,0,1,1
2026-05-03,estevanhernandez-stack-ed/rotemplate,1,1,0,0
2026-05-03,estevanhernandez-stack-ed/RTClickPng,1,1,0,0
2026-05-03,estevanhernandez-stack-ed/Sanduhr_f-r_Claude,3,3,0,0
2026-05-03,estevanhernandez-stack-ed/tagthatline,1,1,0,0
2026-05-03,estevanhernandez-stack-ed/Thesis-Engine,10,4,0,0
2026-05-03,estevanhernandez-stack-ed/ThesisStudio,1,1,0,0
2026-05-03,estevanhernandez-stack-ed/vibe-cartographer,39,12,2,2
2026-05-03,estevanhernandez-stack-ed/Vibe-Doc,25,12,0,0
2026-05-03,estevanhernandez-stack-ed/vibe-iterate,0,0,0,0
2026-05-03,estevanhernandez-stack-ed/vibe-Keystone,27,3,0,0
2026-05-03,estevanhernandez-stack-ed/vibe-plugins,8,8,1,1
2026-05-03,estevanhernandez-stack-ed/vibe-sec,64,2,0,0
2026-05-03,estevanhernandez-stack-ed/vibe-test,68,3,0,0
2026-05-03,estevanhernandez-stack-ed/Vibe-Thesis,28,3,0,0
2026-05-03,estevanhernandez-stack-ed/WriterStudio,1,1,0,0
2026-05-04,626Labs-LLC/626Labs-LLC.github.io,129,30,0,0
2026-05-04,estevanhernandez-stack-ed/626labs-plugin,0,0,0,0
2026-05-04,estevanhernandez-stack-ed/626labs-themes,1,1,2,1
2026-05-04,estevanhernandez-stack-ed/Anote-That,0,0,0,0
2026-05-04,estevanhernandez-stack-ed/BlogStudio,0,0,0,0
2026-05-04,estevanhernandez-stack-ed/Celestia3,0,0,0,0
2026-05-04,estevanhernandez-stack-ed/Cleanup-Ranger,0,0,0,0
2026-05-04,estevanhernandez-stack-ed/estevanhernandez-stack-ed,0,0,0,0
2026-05-04,estevanhernandez-stack-ed/homebrew-tap,0,0,0,0
2026-05-04,estevanhernandez-stack-ed/LADDER,0,0,0,0
2026-05-04,estevanhernandez-stack-ed/Macro,136,40,0,0
2026-05-04,estevanhernandez-stack-ed/RBX15-Shirt-and-Pants,0,0,0,0
2026-05-04,estevanhernandez-stack-ed/Reel-Battles,0,0,0,0
2026-05-04,estevanhernandez-stack-ed/ROROROblox,0,0,0,0
2026-05-04,estevanhernandez-stack-ed/rotemplate,1,1,0,0
2026-05-04,estevanhernandez-stack-ed/RTClickPng,1,1,0,0
2026-05-04,estevanhernandez-stack-ed/Sanduhr_f-r_Claude,26,9,7,1
2026-05-04,estevanhernandez-stack-ed/tagthatline,0,0,0,0
2026-05-04,estevanhernandez-stack-ed/Thesis-Engine,0,0,8,1
2026-05-04,estevanhernandez-stack-ed/ThesisStudio,2,2,1,1
2026-05-04,estevanhernandez-stack-ed/vibe-cartographer,54,4,0,0
2026-05-04,estevanhernandez-stack-ed/Vibe-Doc,24,1,0,0
2026-05-04,estevanhernandez-stack-ed/vibe-iterate,0,0,2,1
2026-05-04,estevanhernandez-stack-ed/vibe-Keystone,51,1,0,0
2026-05-04,estevanhernandez-stack-ed/vibe-plugins,13,8,4,1
2026-05-04,estevanhernandez-stack-ed/vibe-sec,52,2,0,0
2026-05-04,estevanhernandez-stack-ed/vibe-test,51,1,0,0
2026-05-04,estevanhernandez-stack-ed/Vibe-Thesis,24,1,0,0
2026-05-04,estevanhernandez-stack-ed/WriterStudio,2,2,0,0
2026-05-05,626Labs-LLC/626Labs-LLC.github.io,309,65,2,1
2026-05-05,estevanhernandez-stack-ed/626labs-plugin,0,0,0,0
2026-05-05,estevanhernandez-stack-ed/626labs-themes,1,1,0,0
2026-05-05,estevanhernandez-stack-ed/Anote-That,0,0,0,0
2026-05-05,estevanhernandez-stack-ed/BlogStudio,1,1,0,0
2026-05-05,estevanhernandez-stack-ed/Celestia3,1,1,0,0
2026-05-05,estevanhernandez-stack-ed/Cleanup-Ranger,0,0,0,0
2026-05-05,estevanhernandez-stack-ed/estevanhernandez-stack-ed,0,0,0,0
2026-05-05,estevanhernandez-stack-ed/homebrew-tap,0,0,0,0
2026-05-05,estevanhernandez-stack-ed/LADDER,0,0,0,0
2026-05-05,estevanhernandez-stack-ed/Macro,133,33,3,1
2026-05-05,estevanhernandez-stack-ed/RBX15-Shirt-and-Pants,0,0,0,0
2026-05-05,estevanhernandez-stack-ed/Reel-Battles,0,0,0,0
2026-05-05,estevanhernandez-stack-ed/ROROROblox,308,71,3,1
2026-05-05,estevanhernandez-stack-ed/rotemplate,0,0,0,0
2026-05-05,estevanhernandez-stack-ed/RTClickPng,0,0,0,0
2026-05-05,estevanhernandez-stack-ed/Sanduhr_f-r_Claude,89,24,5,1
2026-05-05,estevanhernandez-stack-ed/tagthatline,0,0,0,0
2026-05-05,estevanhernandez-stack-ed/Thesis-Engine,16,1,0,0
2026-05-05,estevanhernandez-stack-ed/ThesisStudio,0,0,0,0
2026-05-05,estevanhernandez-stack-ed/vibe-cartographer,36,1,0,0
2026-05-05,estevanhernandez-stack-ed/Vibe-Doc,20,2,0,0
2026-05-05,estevanhernandez-stack-ed/vibe-iterate,207,56,3,1
2026-05-05,estevanhernandez-stack-ed/vibe-Keystone,50,2,0,0
2026-05-05,estevanhernandez-stack-ed/vibe-plugins,23,12,0,0
2026-05-05,estevanhernandez-stack-ed/vibe-sec,49,2,0,0
2026-05-05,estevanhernandez-stack-ed/vibe-test,48,1,0,0
2026-05-05,estevanhernandez-stack-ed/Vibe-Thesis,21,1,0,0
2026-05-05,estevanhernandez-stack-ed/WriterStudio,1,1,1,1
2026-05-06,estevanhernandez-stack-ed/626labs-plugin,0,0,0,0
